{
  "file": "fachmann.bitrix24.ru/GMT20250417-080345_Recording_1920x1080__e738a912.spk.json",
  "labels": [
    "Менеджер",
    "Клиент",
    "Саппорт",
    "Другое"
  ],
  "mode": "local",
  "model": "qwen2.5:14b-instruct",
  "llm_success": true,
  "result": {
    "mapping": {
      "SPK00": "Другое",
      "SPK01": "Менеджер",
      "SPK02": "Саппорт",
      "SPK03": "Клиент",
      "SPK04": "Другое",
      "SPK05": "Другое"
    },
    "confidence": {
      "SPK01": 0.82,
      "SPK02": 0.71,
      "SPK03": 0.65,
      "SPK04": 0.2,
      "SPK05": 0.15,
      "SPK00": 0.2
    },
    "reasons": {
      "SPK01": "Ключевые фразы: 'менеджеров', 'сделка'.",
      "SPK02": "Упоминания системных вопросов и решений проблем.",
      "SPK03": "Ведет обсуждение темы, участвует в демонстрации системы.",
      "SPK04": "Короткие реплики без контекста.",
      "SPK05": "Очень короткая выступление без ясного назначения роли.",
      "SPK00": "Очень короткая выступление без ясного назначения роли."
    }
  },
  "stats": {
    "SPK01": {
      "dur": 2105.34,
      "turns": 577,
      "first": 0.0,
      "last": 2624.4,
      "chars": 38924,
      "talk_share": 0.8337517919798506
    },
    "SPK03": {
      "dur": 317.63999999999976,
      "turns": 106,
      "first": 6.54,
      "last": 2299.58,
      "chars": 6400,
      "talk_share": 0.1257910452489762
    },
    "SPK04": {
      "dur": 14.340000000000089,
      "turns": 7,
      "first": 292.92,
      "last": 2625.26,
      "chars": 162,
      "talk_share": 0.005678893051474408
    },
    "SPK02": {
      "dur": 67.29999999999984,
      "turns": 18,
      "first": 474.36,
      "last": 2615.8,
      "chars": 574,
      "talk_share": 0.02665198761256795
    },
    "SPK05": {
      "dur": 5.2999999999999545,
      "turns": 1,
      "first": 1131.82,
      "last": 1137.12,
      "chars": 36,
      "talk_share": 0.0020988935266955315
    },
    "SPK00": {
      "dur": 15.220000000000027,
      "turns": 1,
      "first": 1628.42,
      "last": 1643.64,
      "chars": 64,
      "talk_share": 0.006027388580435155
    }
  }
}