{
  "file": "lazzero.bitrix24.ru_20.03.2025/GMT20250320-075917_Recording_1920x1080__6ab775fa.spk.json",
  "labels": [
    "Менеджер",
    "Клиент",
    "Саппорт",
    "Другое"
  ],
  "mode": "local",
  "model": "qwen2.5:14b-instruct",
  "llm_success": true,
  "result": {
    "mapping": {
      "SPK00": "Другое",
      "SPK01": "Клиент",
      "SPK02": "Саппорт",
      "SPK04": "Другое"
    },
    "confidence": {
      "SPK00": 0.65,
      "SPK01": 0.87,
      "SPK02": 0.92,
      "SPK04": 0.3
    },
    "reasons": {
      "SPK00": "Нет явных признаков принадлежности к определенной роли",
      "SPK01": "Звучат как вопросы клиенту, ищущему информацию или подтверждение чего-либо",
      "SPK02": "Использует термины, связанные с технической поддержкой (количество дизайна, качество)",
      "SPK04": "Реплики нечеткие и короткие"
    }
  },
  "stats": {
    "SPK00": {
      "dur": 2386.1400000000012,
      "turns": 693,
      "first": 0.0,
      "last": 3505.4,
      "chars": 44836,
      "talk_share": 0.6978323428945771
    },
    "SPK01": {
      "dur": 912.399999999999,
      "turns": 258,
      "first": 330.9,
      "last": 3499.74,
      "chars": 14935,
      "talk_share": 0.26683355949651366
    },
    "SPK02": {
      "dur": 94.66000000000031,
      "turns": 23,
      "first": 647.82,
      "last": 2493.06,
      "chars": 572,
      "talk_share": 0.02768354311918029
    },
    "SPK04": {
      "dur": 26.159999999999854,
      "turns": 10,
      "first": 675.6,
      "last": 2037.76,
      "chars": 203,
      "talk_share": 0.007650554489729029
    }
  }
}