{
  "file": "anticorcenter.bitrix24.ru_21.03.2025/GMT20250321-092102_Recording_1920x1080__c1bba898.spk.json",
  "labels": [
    "Менеджер",
    "Клиент",
    "Саппорт",
    "Другое"
  ],
  "mode": "local",
  "model": "qwen2.5:14b-instruct",
  "llm_success": true,
  "result": {
    "mapping": {
      "SPK00": "Клиент",
      "SPK01": "Саппорт",
      "SPK02": "Клиент",
      "SPK03": "Другое",
      "SPK04": "Менеджер",
      "SPK05": "Другое",
      "SPK06": "Другое",
      "SPK07": "Другое"
    },
    "confidence": {
      "SPK04": 0.85,
      "SPK02": 0.76,
      "SPK01": 0.63,
      "SPK03": 0.42,
      "SPK06": 0.39,
      "SPK07": 0.38,
      "SPK00": 0.59,
      "SPK05": 0.41
    },
    "reasons": {
      "SPK04": "Ключевые фразы: 'давайте вы мне будете говорить', 'Я вам точно говорю'",
      "SPK02": "Ключевые фразы: 'страхов просто чтобы', 'В работе.'",
      "SPK01": "Ключевые фразы отсутствуют, короткие и неопределенные реплики",
      "SPK03": "Короткие и неясные сообщения",
      "SPK06": "Неясное содержание реплик",
      "SPK07": "Буквенно-цифровые реплики без контекста",
      "SPK00": "Интересуется продуктом: 'прежде чем покупать отчет', 'корректные данные'",
      "SPK05": "Короткие и неясные сообщения, неразборчивое произношение"
    }
  },
  "stats": {
    "SPK04": {
      "dur": 6152.88,
      "turns": 1706,
      "first": 0.0,
      "last": 13193.12,
      "chars": 92022,
      "talk_share": 0.4820011781958558
    },
    "SPK02": {
      "dur": 4935.900000000019,
      "turns": 1342,
      "first": 9.1,
      "last": 13187.88,
      "chars": 62857,
      "talk_share": 0.3866660190767468
    },
    "SPK03": {
      "dur": 159.91999999999913,
      "turns": 54,
      "first": 74.46,
      "last": 12379.84,
      "chars": 1449,
      "talk_share": 0.012527731471616682
    },
    "SPK00": {
      "dur": 50.70000000000044,
      "turns": 5,
      "first": 204.52,
      "last": 9904.04,
      "chars": 506,
      "talk_share": 0.003971710765451318
    },
    "SPK06": {
      "dur": 59.319999999999254,
      "turns": 9,
      "first": 374.6,
      "last": 9964.44,
      "chars": 381,
      "talk_share": 0.0046469799330683854
    },
    "SPK07": {
      "dur": 33.599999999998545,
      "turns": 15,
      "first": 1052.26,
      "last": 11196.74,
      "chars": 278,
      "talk_share": 0.002632139678878843
    },
    "SPK01": {
      "dur": 81.65999999999894,
      "turns": 20,
      "first": 3921.12,
      "last": 9397.96,
      "chars": 318,
      "talk_share": 0.006397039469561096
    },
    "SPK05": {
      "dur": 1291.2999999999975,
      "turns": 392,
      "first": 5270.3,
      "last": 11776.1,
      "chars": 22395,
      "talk_share": 0.10115720140882113
    }
  }
}