{
  "file": "Soprovozhdenie/elbrus-oem.bitrix24.ru/GMT20250416-120746_Recording_1920x1080__19a7f0f8.spk.json",
  "labels": [
    "Менеджер",
    "Клиент",
    "Саппорт",
    "Другое"
  ],
  "mode": "local",
  "model": "qwen2.5:14b-instruct",
  "llm_success": true,
  "result": {
    "mapping": {
      "SPK00": "Саппорт",
      "SPK01": "Другое",
      "SPK02": "Менеджер",
      "SPK03": "Клиент",
      "SPK04": "Другое"
    },
    "confidence": {
      "SPK01": 0.95,
      "SPK02": 0.87,
      "SPK03": 0.9,
      "SPK00": 0.75,
      "SPK04": 0.6
    },
    "reasons": {
      "SPK01": "Очень короткая реплика.",
      "SPK02": "Упоминание продаж и проблем с оборудованием.",
      "SPK03": "Запрос на демонстрацию экрана, обращение к другим спикерам.",
      "SPK00": "Контроль соединения и технические вопросы.",
      "SPK04": "Ограниченный контекст реплик."
    }
  },
  "stats": {
    "SPK03": {
      "dur": 1720.3999999999996,
      "turns": 276,
      "first": 0.0,
      "last": 2393.04,
      "chars": 23548,
      "talk_share": 0.7494206408670347
    },
    "SPK00": {
      "dur": 47.78000000000003,
      "turns": 15,
      "first": 5.82,
      "last": 235.74,
      "chars": 840,
      "talk_share": 0.020813367949678536
    },
    "SPK02": {
      "dur": 518.2400000000004,
      "turns": 128,
      "first": 140.82,
      "last": 2283.4,
      "chars": 9774,
      "talk_share": 0.2257496820058896
    },
    "SPK04": {
      "dur": 4.639999999999986,
      "turns": 2,
      "first": 428.64,
      "last": 821.92,
      "chars": 44,
      "talk_share": 0.002021222839818084
    },
    "SPK01": {
      "dur": 4.579999999999927,
      "turns": 1,
      "first": 1230.78,
      "last": 1235.36,
      "chars": 2,
      "talk_share": 0.001995086337579031
    }
  }
}