{
  "file": "Soprovozhdenie/elbrus-oem.bitrix24.ru/GMT20250421-080955_Recording_1920x1080__1cfae934.spk.json",
  "labels": [
    "Менеджер",
    "Клиент",
    "Саппорт",
    "Другое"
  ],
  "mode": "local",
  "model": "qwen2.5:14b-instruct",
  "llm_success": true,
  "result": {
    "mapping": {
      "SPK00": "Саппорт",
      "SPK01": "Другое",
      "SPK03": "Менеджер",
      "SPK04": "Клиент"
    },
    "confidence": {
      "SPK03": 0.92,
      "SPK04": 0.85,
      "SPK01": 0.67,
      "SPK00": 0.81
    },
    "reasons": {
      "SPK03": "Использует руководящий тон и задает темп беседы.",
      "SPK04": "Просит уточнений, выражает согласие или несогласие.",
      "SPK01": "Очень короткие реплики без контекста.",
      "SPK00": "Задаёт вопросы о технической информации и помогает решать задачи."
    }
  },
  "stats": {
    "SPK03": {
      "dur": 876.3600000000001,
      "turns": 228,
      "first": 0.0,
      "last": 1215.46,
      "chars": 10580,
      "talk_share": 0.7175397514205707
    },
    "SPK04": {
      "dur": 288.2400000000001,
      "turns": 75,
      "first": 22.68,
      "last": 1241.24,
      "chars": 2972,
      "talk_share": 0.2360030785858156
    },
    "SPK01": {
      "dur": 1.4599999999999795,
      "turns": 2,
      "first": 168.92000000000002,
      "last": 389.32,
      "chars": 8,
      "talk_share": 0.0011954083220069589
    },
    "SPK00": {
      "dur": 55.279999999999916,
      "turns": 9,
      "first": 444.86,
      "last": 799.92,
      "chars": 392,
      "talk_share": 0.04526176167160651
    }
  }
}