{
  "file": "Soprovozhdenie/elbrus-oem.bitrix24.ru/GMT20250421-120207_Recording_1920x1080__3ff0c9bf.spk.json",
  "labels": [
    "Менеджер",
    "Клиент",
    "Саппорт",
    "Другое"
  ],
  "mode": "local",
  "model": "qwen2.5:14b-instruct",
  "llm_success": true,
  "result": {
    "mapping": {
      "SPK00": "Саппорт",
      "SPK01": "Клиент",
      "SPK02": "Другое",
      "SPK03": "Другое",
      "SPK04": "Другое"
    },
    "confidence": {
      "SPK01": 0.75,
      "SPK00": 0.9,
      "SPK04": 0.3,
      "SPK03": 0.2,
      "SPK02": 0.3
    },
    "reasons": {
      "SPK01": "Клиент задает вопросы и получает информацию.",
      "SPK00": "Саппорт дает инструкции и помогает решить проблемы.",
      "SPK04": "Несколько коротких вмешательств без явной роли.",
      "SPK03": "Одно слово, недостаточно для определения.",
      "SPK02": "Краткие подтверждения."
    }
  },
  "stats": {
    "SPK01": {
      "dur": 566.6199999999981,
      "turns": 160,
      "first": 0.0,
      "last": 2188.74,
      "chars": 6750,
      "talk_share": 0.26246016452975546
    },
    "SPK00": {
      "dur": 1559.8399999999997,
      "turns": 491,
      "first": 17.66,
      "last": 2184.82,
      "chars": 22139,
      "talk_share": 0.722522789594605
    },
    "SPK04": {
      "dur": 22.39999999999992,
      "turns": 6,
      "first": 326.08,
      "last": 1547.56,
      "chars": 40,
      "talk_share": 0.010375750389090612
    },
    "SPK03": {
      "dur": 0.37999999999999545,
      "turns": 1,
      "first": 662.48,
      "last": 662.86,
      "chars": 4,
      "talk_share": 0.0001760171941006428
    },
    "SPK02": {
      "dur": 9.6400000000001,
      "turns": 5,
      "first": 1148.56,
      "last": 1414.86,
      "chars": 20,
      "talk_share": 0.004465278292447986
    }
  }
}