{
  "file": "Vasilina_04.03.2025/GMT20250304-140204_Recording_1920x1020__9ac7ed52.spk.json",
  "labels": [
    "Менеджер",
    "Клиент",
    "Саппорт",
    "Другое"
  ],
  "mode": "local",
  "model": "qwen2.5:14b-instruct",
  "llm_success": true,
  "result": {
    "mapping": {
      "SPK00": "Клиент",
      "SPK01": "Саппорт",
      "SPK02": "Саппорт",
      "SPK03": "Другое",
      "SPK04": "Другое",
      "SPK05": "Другое",
      "SPK06": "Менеджер"
    },
    "confidence": {
      "SPK06": 0.94,
      "SPK00": 0.87,
      "SPK04": 0.15,
      "SPK01": 0.53,
      "SPK03": 0.2,
      "SPK05": 0.19,
      "SPK02": 0.61
    },
    "reasons": {
      "SPK06": "Контролирует обсуждение, упоминает ключевые слова как 'отчеты', 'запросы'.",
      "SPK00": "Слышны недовольство и вопросы решения проблем.",
      "SPK04": "Основные фразы - 'Угу' с минимальной информацией.",
      "SPK01": "Задает конкретные вопросы, интересуется Битриксом.",
      "SPK03": "Основные фразы - 'Угу'.",
      "SPK05": "Краткие вмешательства без подробностей.",
      "SPK02": "Проявляет участие в обсуждении, но не доминирует."
    }
  },
  "stats": {
    "SPK06": {
      "dur": 2703.759999999998,
      "turns": 1035,
      "first": 0.0,
      "last": 5047.28,
      "chars": 32271,
      "talk_share": 0.5422159831545167
    },
    "SPK00": {
      "dur": 2109.840000000002,
      "turns": 742,
      "first": 15.96,
      "last": 5048.26,
      "chars": 23201,
      "talk_share": 0.4231103980748023
    },
    "SPK04": {
      "dur": 6.700000000000216,
      "turns": 5,
      "first": 143.2,
      "last": 3629.0,
      "chars": 42,
      "talk_share": 0.001343627795046669
    },
    "SPK01": {
      "dur": 104.54000000000025,
      "turns": 45,
      "first": 220.57999999999998,
      "last": 4988.68,
      "chars": 716,
      "talk_share": 0.020964604431966356
    },
    "SPK03": {
      "dur": 18.60000000000042,
      "turns": 9,
      "first": 221.26,
      "last": 4327.7,
      "chars": 66,
      "talk_share": 0.003730071192219075
    },
    "SPK05": {
      "dur": 8.379999999999939,
      "turns": 2,
      "first": 443.32,
      "last": 1480.28,
      "chars": 60,
      "talk_share": 0.001680537451118006
    },
    "SPK02": {
      "dur": 34.680000000000234,
      "turns": 12,
      "first": 444.88,
      "last": 4694.26,
      "chars": 212,
      "talk_share": 0.006954777900330939
    }
  }
}