{
  "duration": 106.16999816894531,
  "language": "russian",
  "text": "Редактор субтитров А.Синецкая Корректор А.Егорова Корректор А.Кулакова Корректор А.Кулакова Редактор субтитров А.Егорова",
  "segments": [
    {
      "id": 0,
      "avg_logprob": -0.3480902910232544,
      "compression_ratio": 1.1219512224197388,
      "end": 13.65999984741211,
      "no_speech_prob": 0.9434090256690979,
      "seek": 0,
      "start": 11.539999961853027,
      "temperature": 0.0,
      "text": " Редактор субтитров А.Синецкая Корректор А.Егорова",
      "tokens": [
        50364,
        6325,
        2229,
        1272,
        2542,
        776,
        8893,
        403,
        1635,
        6680,
        3450,
        13,
        8068,
        2599,
        10935,
        14801,
        29635,
        481,
        39867,
        3450,
        13,
        10156,
        4567,
        6680,
        386,
        50564
      ]
    },
    {
      "id": 1,
      "avg_logprob": -0.5582682490348816,
      "compression_ratio": 0.8085106611251831,
      "end": 59.97999954223633,
      "no_speech_prob": 0.9999028444290161,
      "seek": 3000,
      "start": 58.540000915527344,
      "temperature": 0.0,
      "text": " Корректор А.Кулакова",
      "tokens": [
        50364,
        29635,
        481,
        39867,
        3450,
        13,
        8169,
        23412,
        1272,
        13978,
        50564
      ]
    },
    {
      "id": 2,
      "avg_logprob": -0.5027043223381042,
      "compression_ratio": 0.8085106611251831,
      "end": 89.9800033569336,
      "no_speech_prob": 0.999901294708252,
      "seek": 6000,
      "start": 88.54000091552734,
      "temperature": 0.0,
      "text": " Корректор А.Кулакова",
      "tokens": [
        50364,
        3422,
        1717,
        481,
        39867,
        3450,
        13,
        8169,
        23412,
        1272,
        13978,
        50564
      ]
    },
    {
      "id": 3,
      "avg_logprob": -0.5012800693511963,
      "compression_ratio": 0.8983050584793091,
      "end": 102.0999984741211,
      "no_speech_prob": 0.9997959733009338,
      "seek": 9000,
      "start": 101.68000030517578,
      "temperature": 0.0,
      "text": " Редактор субтитров А.Егорова",
      "tokens": [
        50364,
        6325,
        2229,
        1272,
        2542,
        776,
        8893,
        403,
        1635,
        6680,
        3450,
        13,
        10156,
        4567,
        6680,
        386,
        50464
      ]
    }
  ],
  "usage": {
    "seconds": 107.0,
    "type": "duration"
  },
  "words": [
    {
      "end": 11.739999771118164,
      "start": 11.539999961853027,
      "word": "Редактор"
    },
    {
      "end": 11.84000015258789,
      "start": 11.739999771118164,
      "word": "субтитров"
    },
    {
      "end": 11.859999656677246,
      "start": 11.84000015258789,
      "word": "А"
    },
    {
      "end": 11.960000038146973,
      "start": 11.859999656677246,
      "word": "Синецкая"
    },
    {
      "end": 12.020000457763672,
      "start": 11.960000038146973,
      "word": "Корректор"
    },
    {
      "end": 12.039999961853027,
      "start": 12.020000457763672,
      "word": "А"
    },
    {
      "end": 13.65999984741211,
      "start": 12.039999961853027,
      "word": "Егорова"
    },
    {
      "end": 59.939998626708984,
      "start": 58.540000915527344,
      "word": "Корректор"
    },
    {
      "end": 59.939998626708984,
      "start": 59.939998626708984,
      "word": "А"
    },
    {
      "end": 59.97999954223633,
      "start": 59.939998626708984,
      "word": "Кулакова"
    },
    {
      "end": 89.94000244140625,
      "start": 88.54000091552734,
      "word": "Корректор"
    },
    {
      "end": 89.94000244140625,
      "start": 89.94000244140625,
      "word": "А"
    },
    {
      "end": 89.9800033569336,
      "start": 89.94000244140625,
      "word": "Кулакова"
    },
    {
      "end": 101.87999725341797,
      "start": 101.68000030517578,
      "word": "Редактор"
    },
    {
      "end": 101.9800033569336,
      "start": 101.87999725341797,
      "word": "субтитров"
    },
    {
      "end": 102.0,
      "start": 101.9800033569336,
      "word": "А"
    },
    {
      "end": 102.0999984741211,
      "start": 102.0,
      "word": "Егорова"
    }
  ],
  "task": "transcribe"
}