{
  "file": "webdiler.bitrix24.ru_13/03/2025/GMT20250313-140728_Recording_1280x828__6e95b133.spk.json",
  "labels": [
    "Менеджер",
    "Клиент",
    "Саппорт",
    "Другое"
  ],
  "mode": "local",
  "model": "qwen2.5:14b-instruct",
  "llm_success": true,
  "result": {
    "mapping": {
      "SPK00": "Клиент",
      "SPK01": "Саппорт",
      "SPK02": "Другое",
      "SPK03": "Менеджер"
    },
    "confidence": {
      "SPK03": 0.95,
      "SPK00": 0.87,
      "SPK02": 0.65,
      "SPK01": 0.4
    },
    "reasons": {
      "SPK03": "Активное участие в обсуждении, подробные ответы на вопросы.",
      "SPK00": "Вопросы и запросы по продуктам и услугам компании.",
      "SPK02": "Короткие реплики без содержательного контента.",
      "SPK01": "Однозначная утвердительная реакция на комментарий."
    }
  },
  "stats": {
    "SPK03": {
      "dur": 2361.5599999999995,
      "turns": 591,
      "first": 0.0,
      "last": 3061.24,
      "chars": 30124,
      "talk_share": 0.7913067370777178
    },
    "SPK00": {
      "dur": 601.5400000000003,
      "turns": 141,
      "first": 45.24,
      "last": 3054.12,
      "chars": 7207,
      "talk_share": 0.20156280366441282
    },
    "SPK02": {
      "dur": 20.420000000000186,
      "turns": 9,
      "first": 665.12,
      "last": 2850.26,
      "chars": 51,
      "talk_share": 0.006842292201395327
    },
    "SPK01": {
      "dur": 0.8599999999999,
      "turns": 1,
      "first": 1421.7,
      "last": 1422.56,
      "chars": 4,
      "talk_share": 0.00028816705647400796
    }
  }
}