{
  "file": "formthotics.bitrix24.ru_11.03.2025/GMT20250311-135933_Recording_1920x1080__47966c5d.spk.json",
  "labels": [
    "Менеджер",
    "Клиент",
    "Саппорт",
    "Другое"
  ],
  "mode": "local",
  "model": "qwen2.5:14b-instruct",
  "llm_success": true,
  "result": {
    "mapping": {
      "SPK00": "Менеджер",
      "SPK01": "Другое",
      "SPK02": "Саппорт",
      "SPK03": "Клиент",
      "SPK04": "Другое",
      "SPK05": "Клиент"
    },
    "confidence": {
      "SPK01": 0.9,
      "SPK02": 0.85,
      "SPK03": 0.78,
      "SPK04": 0.6,
      "SPK05": 0.85,
      "SPK00": 0.95
    },
    "reasons": {
      "SPK01": "Односложно",
      "SPK02": "Помощь в навигации по системе",
      "SPK03": "Задает конкретные вопросы",
      "SPK04": "Специфический вопрос об исполнительности",
      "SPK05": "Детализирует бизнес-процессы",
      "SPK00": "Излагает идеи и концепции"
    }
  },
  "stats": {
    "SPK00": {
      "dur": 1446.72,
      "turns": 339,
      "first": 0.0,
      "last": 2316.88,
      "chars": 19243,
      "talk_share": 0.6310224804375704
    },
    "SPK03": {
      "dur": 256.1400000000004,
      "turns": 57,
      "first": 1.64,
      "last": 2268.84,
      "chars": 3690,
      "talk_share": 0.11172175551542766
    },
    "SPK02": {
      "dur": 184.99999999999994,
      "turns": 47,
      "first": 24.86,
      "last": 1642.0,
      "chars": 2258,
      "talk_share": 0.08069229628466495
    },
    "SPK01": {
      "dur": 2.880000000000024,
      "turns": 1,
      "first": 174.98,
      "last": 177.86,
      "chars": 4,
      "talk_share": 0.0012561827745937138
    },
    "SPK05": {
      "dur": 397.1399999999993,
      "turns": 115,
      "first": 198.64,
      "last": 2319.56,
      "chars": 6359,
      "talk_share": 0.17322237052157727
    },
    "SPK04": {
      "dur": 4.779999999999973,
      "turns": 1,
      "first": 1651.58,
      "last": 1656.36,
      "chars": 77,
      "talk_share": 0.0020849144661659264
    }
  }
}