{
  "file": "dinoimport.bitrix24.ru/GMT20250411-080027_Recording_1920x1030_1__1abdc89c.spk.json",
  "labels": [
    "Менеджер",
    "Клиент",
    "Саппорт",
    "Другое"
  ],
  "mode": "local",
  "model": "qwen2.5:14b-instruct",
  "llm_success": true,
  "result": {
    "mapping": {
      "SPK00": "Саппорт",
      "SPK04": "Другое",
      "SPK05": "Клиент"
    },
    "confidence": {
      "SPK00": 0.91,
      "SPK05": 0.87,
      "SPK04": 0.63
    },
    "reasons": {
      "SPK00": "Предоставляет информацию и отвечает на вопросы",
      "SPK05": "Спрашивает и выражает сомнения",
      "SPK04": "Короткая реплика без контекста"
    }
  },
  "stats": {
    "SPK00": {
      "dur": 1687.1599999999983,
      "turns": 271,
      "first": 0.0,
      "last": 2106.76,
      "chars": 19717,
      "talk_share": 0.8194950407522902
    },
    "SPK05": {
      "dur": 364.3599999999999,
      "turns": 77,
      "first": 27.3,
      "last": 2040.82,
      "chars": 4941,
      "talk_share": 0.17697859897609278
    },
    "SPK04": {
      "dur": 7.259999999999991,
      "turns": 1,
      "first": 1721.74,
      "last": 1729.0,
      "chars": 98,
      "talk_share": 0.0035263602716171707
    }
  }
}