{
  "file": "b24-27gx74.bitrix24.ru/GMT20250411-090140_Recording_1440x900__b19af88b.spk.json",
  "labels": [
    "Менеджер",
    "Клиент",
    "Саппорт",
    "Другое"
  ],
  "mode": "local",
  "model": "qwen2.5:14b-instruct",
  "llm_success": true,
  "result": {
    "mapping": {
      "SPK00": "Клиент",
      "SPK01": "Саппорт",
      "SPK02": "Другое",
      "SPK03": "Клиент",
      "SPK04": "Саппорт",
      "SPK05": "Другое",
      "SPK06": "Другое",
      "SPK07": "Менеджер"
    },
    "confidence": {
      "SPK07": 0.89,
      "SPK03": 0.85,
      "SPK02": 0.65,
      "SPK01": 0.74,
      "SPK05": 0.6,
      "SPK04": 0.72,
      "SPK06": 0.63,
      "SPK00": 0.8
    },
    "reasons": {
      "SPK07": "Высокий процент участия в обсуждении и руководство процессом.",
      "SPK03": "Частые вопросы, связанные с мероприятием и статистикой продаж.",
      "SPK02": "Эмоциональные реплики без конкретного контекста.",
      "SPK01": "Упоминание технического обсуждения, таких как маркетинг и статистика.",
      "SPK05": "Короткие подтверждения без конкретной информации.",
      "SPK04": "Общение о статусе и воронках продаж.",
      "SPK06": "Повторяющиеся фразы типа 'Видите?'",
      "SPK00": "Начало разговора, возможный технический помощник."
    }
  },
  "stats": {
    "SPK07": {
      "dur": 2213.080000000002,
      "turns": 864,
      "first": 0.0,
      "last": 3655.8,
      "chars": 35536,
      "talk_share": 0.6135140080172548
    },
    "SPK03": {
      "dur": 1057.3999999999996,
      "turns": 388,
      "first": 8.14,
      "last": 3653.36,
      "chars": 14386,
      "talk_share": 0.29313432504809783
    },
    "SPK00": {
      "dur": 29.48000000000004,
      "turns": 12,
      "first": 44.82,
      "last": 1941.98,
      "chars": 315,
      "talk_share": 0.008172498489141231
    },
    "SPK01": {
      "dur": 212.75999999999945,
      "turns": 71,
      "first": 61.98,
      "last": 3306.78,
      "chars": 1588,
      "talk_share": 0.05898170890602719
    },
    "SPK05": {
      "dur": 12.079999999999984,
      "turns": 13,
      "first": 216.94,
      "last": 2322.38,
      "chars": 176,
      "talk_share": 0.00334883927234823
    },
    "SPK04": {
      "dur": 35.819999999999936,
      "turns": 21,
      "first": 471.28,
      "last": 3386.78,
      "chars": 474,
      "talk_share": 0.009930084663535888
    },
    "SPK06": {
      "dur": 18.299999999999727,
      "turns": 11,
      "first": 669.28,
      "last": 3268.88,
      "chars": 199,
      "talk_share": 0.005073158831454617
    },
    "SPK02": {
      "dur": 28.300000000000182,
      "turns": 14,
      "first": 2915.46,
      "last": 3322.78,
      "chars": 241,
      "talk_share": 0.007845376772140367
    }
  }
}