{
  "file": "bochkyru.bitrix24.ru/GMT20250411-140422_Recording_1920x1080__c57d0039.spk.json",
  "labels": [
    "Менеджер",
    "Клиент",
    "Саппорт",
    "Другое"
  ],
  "mode": "local",
  "model": "qwen2.5:14b-instruct",
  "llm_success": true,
  "result": {
    "mapping": {
      "SPK00": "Клиент",
      "SPK01": "Менеджер",
      "SPK02": "Другое",
      "SPK03": "Другое"
    },
    "confidence": {
      "SPK00": 0.65,
      "SPK01": 0.92,
      "SPK02": 0.15,
      "SPK03": 0.18
    },
    "reasons": {
      "SPK00": "Реплики, похожие на комментарии клиента или пользователя системы.",
      "SPK01": "Упоминание Битрикса и других бизнес-терминов указывает на роль менеджера.",
      "SPK02": "Очень короткие реплики без конкретного содержания.",
      "SPK03": "То же, что и SPK02"
    }
  },
  "stats": {
    "SPK00": {
      "dur": 2178.3400000000015,
      "turns": 814,
      "first": 0.0,
      "last": 3674.98,
      "chars": 26390,
      "talk_share": 0.6024103715666864
    },
    "SPK01": {
      "dur": 1378.1399999999994,
      "turns": 557,
      "first": 43.3,
      "last": 3678.98,
      "chars": 15202,
      "talk_share": 0.3811185716972154
    },
    "SPK03": {
      "dur": 59.340000000000146,
      "turns": 25,
      "first": 723.04,
      "last": 3291.98,
      "chars": 146,
      "talk_share": 0.016410216701142722
    },
    "SPK02": {
      "dur": 0.22000000000025466,
      "turns": 1,
      "first": 2292.08,
      "last": 2292.3,
      "chars": 4,
      "talk_share": 6.084003495543594e-05
    }
  }
}